<?xml version="1.0" encoding="UTF-8"?>
<!-- This package has been created with Moodle 4.1.4+ (Build: 20230728) (2022112804.08) http://moodle.org/, Book module version 2022112800 - https://github.com/skodak/moodle-mod_book -->
<!-- One idea and implementation by Eloy Lafuente (stronk7) and Antonio Vicent (C) 2001-3001 -->
<manifest xmlns="http://www.imsglobal.org/xsd/imscp_v1p1" xmlns:imsmd="http://www.imsglobal.org/xsd/imsmd_v1p2" xmlns:xsi="http://www.w3.org/2001/XMLSchema-instance" identifier="MANIFEST-761c5ee46033a4a1f583accf396665a0" xsi:schemaLocation="http://www.imsglobal.org/xsd/imscp_v1p1 imscp_v1p1.xsd http://www.imsglobal.org/xsd/imsmd_v1p2 imsmd_v1p2p2.xsd">
  <organizations default="MOODLE-30336-6495">
    <organization identifier="MOODLE-30336-6495" structure="hierarchical">
      <title>Unit 5: Understanding Quantitative Research Reports</title>
        <item identifier="ITEM-30336-6495-1" isvisible="true" identifierref="RES-30336-6495-1">
         <title>Overview</title>
        </item>
        <item identifier="ITEM-30336-6495-2" isvisible="true" identifierref="RES-30336-6495-2">
         <title>Introduction to Quantitative and Qualitative Research Design</title>
          <item identifier="ITEM-30336-6495-3" isvisible="true" identifierref="RES-30336-6495-3">
           <title>Learning Activity</title>
          </item>
        </item>
        <item identifier="ITEM-30336-6495-4" isvisible="true" identifierref="RES-30336-6495-4">
         <title>Quantitative Research Designs</title>
          <item identifier="ITEM-30336-6495-5" isvisible="true" identifierref="RES-30336-6495-5">
           <title>Learning Activity</title>
          </item>
        </item>
        <item identifier="ITEM-30336-6495-6" isvisible="true" identifierref="RES-30336-6495-6">
         <title>Quantitative Data Collection</title>
          <item identifier="ITEM-30336-6495-7" isvisible="true" identifierref="RES-30336-6495-7">
           <title>Learning Activity</title>
          </item>
        </item>
        <item identifier="ITEM-30336-6495-8" isvisible="true" identifierref="RES-30336-6495-8">
         <title>Quantitative Data Analysis and Results</title>
          <item identifier="ITEM-30336-6495-9" isvisible="true" identifierref="RES-30336-6495-9">
           <title>Learning Activity</title>
          </item>
        </item>
        <item identifier="ITEM-30336-6495-10" isvisible="true" identifierref="RES-30336-6495-10">
         <title>Summary</title>
          <item identifier="ITEM-30336-6495-11" isvisible="true" identifierref="RES-30336-6495-11">
           <title>Checking Your Learning</title>
          </item>
        </item>
    </organization>
  </organizations>
  <resources>
    <resource identifier="RES-30336-6495-1" type="webcontent" xml:base="1/" href="index.html">
      <file href="1/index.html" />
      <dependency identifierref="RES-30336-6495-css" />
    </resource>
    <resource identifier="RES-30336-6495-2" type="webcontent" xml:base="2/" href="index.html">
      <file href="2/index.html" />
      <file href="2/Gill_Johnson.png.png" />
      <dependency identifierref="RES-30336-6495-css" />
    </resource>
    <resource identifier="RES-30336-6495-3" type="webcontent" xml:base="3/" href="index.html">
      <file href="3/index.html" />
      <dependency identifierref="RES-30336-6495-css" />
    </resource>
    <resource identifier="RES-30336-6495-4" type="webcontent" xml:base="4/" href="index.html">
      <file href="4/index.html" />
      <dependency identifierref="RES-30336-6495-css" />
    </resource>
    <resource identifier="RES-30336-6495-5" type="webcontent" xml:base="5/" href="index.html">
      <file href="5/index.html" />
      <dependency identifierref="RES-30336-6495-css" />
    </resource>
    <resource identifier="RES-30336-6495-6" type="webcontent" xml:base="6/" href="index.html">
      <file href="6/index.html" />
      <dependency identifierref="RES-30336-6495-css" />
    </resource>
    <resource identifier="RES-30336-6495-7" type="webcontent" xml:base="7/" href="index.html">
      <file href="7/index.html" />
      <dependency identifierref="RES-30336-6495-css" />
    </resource>
    <resource identifier="RES-30336-6495-8" type="webcontent" xml:base="8/" href="index.html">
      <file href="8/index.html" />
      <dependency identifierref="RES-30336-6495-css" />
    </resource>
    <resource identifier="RES-30336-6495-9" type="webcontent" xml:base="9/" href="index.html">
      <file href="9/index.html" />
      <dependency identifierref="RES-30336-6495-css" />
    </resource>
    <resource identifier="RES-30336-6495-10" type="webcontent" xml:base="10/" href="index.html">
      <file href="10/index.html" />
      <dependency identifierref="RES-30336-6495-css" />
    </resource>
    <resource identifier="RES-30336-6495-11" type="webcontent" xml:base="11/" href="index.html">
      <file href="11/index.html" />
      <dependency identifierref="RES-30336-6495-css" />
    </resource>
    <resource identifier="RES-30336-6495-css" type="webcontent" xml:base="css/" href="styles.css">
      <file href="css/styles.css" />
    </resource>
  </resources>
</manifest>
