<?xml version="1.0" encoding="UTF-8"?>
<!-- This package has been created with Moodle 4.1.4+ (Build: 20230728) (2022112804.08) http://moodle.org/, Book module version 2022112800 - https://github.com/skodak/moodle-mod_book -->
<!-- One idea and implementation by Eloy Lafuente (stronk7) and Antonio Vicent (C) 2001-3001 -->
<manifest xmlns="http://www.imsglobal.org/xsd/imscp_v1p1" xmlns:imsmd="http://www.imsglobal.org/xsd/imsmd_v1p2" xmlns:xsi="http://www.w3.org/2001/XMLSchema-instance" identifier="MANIFEST-385f1fb5d64a492ce8058fd51e53e7a6" xsi:schemaLocation="http://www.imsglobal.org/xsd/imscp_v1p1 imscp_v1p1.xsd http://www.imsglobal.org/xsd/imsmd_v1p2 imsmd_v1p2p2.xsd">
  <organizations default="MOODLE-30336-6493">
    <organization identifier="MOODLE-30336-6493" structure="hierarchical">
      <title>Unit 3: Developing Your Scholarly Voice</title>
        <item identifier="ITEM-30336-6493-1" isvisible="true" identifierref="RES-30336-6493-1">
         <title>Overview</title>
        </item>
        <item identifier="ITEM-30336-6493-2" isvisible="true" identifierref="RES-30336-6493-2">
         <title>Developing Your Scholarly Voice</title>
          <item identifier="ITEM-30336-6493-3" isvisible="true" identifierref="RES-30336-6493-3">
           <title>Learning Activity</title>
          </item>
        </item>
        <item identifier="ITEM-30336-6493-4" isvisible="true" identifierref="RES-30336-6493-4">
         <title>What is Scholarly Writing?</title>
          <item identifier="ITEM-30336-6493-5" isvisible="true" identifierref="RES-30336-6493-5">
           <title>Learning Activity</title>
          </item>
        </item>
        <item identifier="ITEM-30336-6493-6" isvisible="true" identifierref="RES-30336-6493-6">
         <title>How to Write a Scholarly Paper</title>
          <item identifier="ITEM-30336-6493-7" isvisible="true" identifierref="RES-30336-6493-7">
           <title>Learning Activity</title>
          </item>
        </item>
        <item identifier="ITEM-30336-6493-8" isvisible="true" identifierref="RES-30336-6493-8">
         <title>Citing the Ideas of Others</title>
          <item identifier="ITEM-30336-6493-9" isvisible="true" identifierref="RES-30336-6493-9">
           <title>Learning Activity</title>
          </item>
        </item>
        <item identifier="ITEM-30336-6493-10" isvisible="true" identifierref="RES-30336-6493-10">
         <title>Reference Lists</title>
          <item identifier="ITEM-30336-6493-11" isvisible="true" identifierref="RES-30336-6493-11">
           <title>Learning Activity</title>
          </item>
        </item>
        <item identifier="ITEM-30336-6493-12" isvisible="true" identifierref="RES-30336-6493-12">
         <title>Additional APA Resources</title>
          <item identifier="ITEM-30336-6493-13" isvisible="true" identifierref="RES-30336-6493-13">
           <title>Learning Activity</title>
          </item>
        </item>
        <item identifier="ITEM-30336-6493-14" isvisible="true" identifierref="RES-30336-6493-14">
         <title>Summary</title>
          <item identifier="ITEM-30336-6493-15" isvisible="true" identifierref="RES-30336-6493-15">
           <title>Checking Your Learning</title>
          </item>
        </item>
    </organization>
  </organizations>
  <resources>
    <resource identifier="RES-30336-6493-1" type="webcontent" xml:base="1/" href="index.html">
      <file href="1/index.html" />
      <dependency identifierref="RES-30336-6493-css" />
    </resource>
    <resource identifier="RES-30336-6493-2" type="webcontent" xml:base="2/" href="index.html">
      <file href="2/index.html" />
      <dependency identifierref="RES-30336-6493-css" />
    </resource>
    <resource identifier="RES-30336-6493-3" type="webcontent" xml:base="3/" href="index.html">
      <file href="3/index.html" />
      <dependency identifierref="RES-30336-6493-css" />
    </resource>
    <resource identifier="RES-30336-6493-4" type="webcontent" xml:base="4/" href="index.html">
      <file href="4/index.html" />
      <dependency identifierref="RES-30336-6493-css" />
    </resource>
    <resource identifier="RES-30336-6493-5" type="webcontent" xml:base="5/" href="index.html">
      <file href="5/index.html" />
      <dependency identifierref="RES-30336-6493-css" />
    </resource>
    <resource identifier="RES-30336-6493-6" type="webcontent" xml:base="6/" href="index.html">
      <file href="6/index.html" />
      <dependency identifierref="RES-30336-6493-css" />
    </resource>
    <resource identifier="RES-30336-6493-7" type="webcontent" xml:base="7/" href="index.html">
      <file href="7/index.html" />
      <dependency identifierref="RES-30336-6493-css" />
    </resource>
    <resource identifier="RES-30336-6493-8" type="webcontent" xml:base="8/" href="index.html">
      <file href="8/index.html" />
      <dependency identifierref="RES-30336-6493-css" />
    </resource>
    <resource identifier="RES-30336-6493-9" type="webcontent" xml:base="9/" href="index.html">
      <file href="9/index.html" />
      <dependency identifierref="RES-30336-6493-css" />
    </resource>
    <resource identifier="RES-30336-6493-10" type="webcontent" xml:base="10/" href="index.html">
      <file href="10/index.html" />
      <dependency identifierref="RES-30336-6493-css" />
    </resource>
    <resource identifier="RES-30336-6493-11" type="webcontent" xml:base="11/" href="index.html">
      <file href="11/index.html" />
      <dependency identifierref="RES-30336-6493-css" />
    </resource>
    <resource identifier="RES-30336-6493-12" type="webcontent" xml:base="12/" href="index.html">
      <file href="12/index.html" />
      <dependency identifierref="RES-30336-6493-css" />
    </resource>
    <resource identifier="RES-30336-6493-13" type="webcontent" xml:base="13/" href="index.html">
      <file href="13/index.html" />
      <dependency identifierref="RES-30336-6493-css" />
    </resource>
    <resource identifier="RES-30336-6493-14" type="webcontent" xml:base="14/" href="index.html">
      <file href="14/index.html" />
      <dependency identifierref="RES-30336-6493-css" />
    </resource>
    <resource identifier="RES-30336-6493-15" type="webcontent" xml:base="15/" href="index.html">
      <file href="15/index.html" />
      <dependency identifierref="RES-30336-6493-css" />
    </resource>
    <resource identifier="RES-30336-6493-css" type="webcontent" xml:base="css/" href="styles.css">
      <file href="css/styles.css" />
    </resource>
  </resources>
</manifest>
