<?xml version="1.0" encoding="UTF-8"?>
<!-- This package has been created with Moodle 4.1.4+ (Build: 20230728) (2022112804.08) http://moodle.org/, Book module version 2022112800 - https://github.com/skodak/moodle-mod_book -->
<!-- One idea and implementation by Eloy Lafuente (stronk7) and Antonio Vicent (C) 2001-3001 -->
<manifest xmlns="http://www.imsglobal.org/xsd/imscp_v1p1" xmlns:imsmd="http://www.imsglobal.org/xsd/imsmd_v1p2" xmlns:xsi="http://www.w3.org/2001/XMLSchema-instance" identifier="MANIFEST-62d0d2048dc15188c9f9e931543094ea" xsi:schemaLocation="http://www.imsglobal.org/xsd/imscp_v1p1 imscp_v1p1.xsd http://www.imsglobal.org/xsd/imsmd_v1p2 imsmd_v1p2p2.xsd">
  <organizations default="MOODLE-30336-6499">
    <organization identifier="MOODLE-30336-6499" structure="hierarchical">
      <title>Unit 8: Bringing It All Together</title>
        <item identifier="ITEM-30336-6499-1" isvisible="true" identifierref="RES-30336-6499-1">
         <title>Overview</title>
        </item>
        <item identifier="ITEM-30336-6499-2" isvisible="true" identifierref="RES-30336-6499-2">
         <title>Issues of Credibility</title>
          <item identifier="ITEM-30336-6499-3" isvisible="true" identifierref="RES-30336-6499-3">
           <title>Learning Activity</title>
          </item>
        </item>
        <item identifier="ITEM-30336-6499-4" isvisible="true" identifierref="RES-30336-6499-4">
         <title>Leadership Decisions Revisited</title>
          <item identifier="ITEM-30336-6499-5" isvisible="true" identifierref="RES-30336-6499-5">
           <title>Learning Activity</title>
          </item>
        </item>
        <item identifier="ITEM-30336-6499-6" isvisible="true" identifierref="RES-30336-6499-6">
         <title>Summary</title>
          <item identifier="ITEM-30336-6499-7" isvisible="true" identifierref="RES-30336-6499-7">
           <title>Checking Your Learning</title>
          </item>
        </item>
    </organization>
  </organizations>
  <resources>
    <resource identifier="RES-30336-6499-1" type="webcontent" xml:base="1/" href="index.html">
      <file href="1/index.html" />
      <dependency identifierref="RES-30336-6499-css" />
    </resource>
    <resource identifier="RES-30336-6499-2" type="webcontent" xml:base="2/" href="index.html">
      <file href="2/index.html" />
      <dependency identifierref="RES-30336-6499-css" />
    </resource>
    <resource identifier="RES-30336-6499-3" type="webcontent" xml:base="3/" href="index.html">
      <file href="3/index.html" />
      <dependency identifierref="RES-30336-6499-css" />
    </resource>
    <resource identifier="RES-30336-6499-4" type="webcontent" xml:base="4/" href="index.html">
      <file href="4/index.html" />
      <dependency identifierref="RES-30336-6499-css" />
    </resource>
    <resource identifier="RES-30336-6499-5" type="webcontent" xml:base="5/" href="index.html">
      <file href="5/index.html" />
      <dependency identifierref="RES-30336-6499-css" />
    </resource>
    <resource identifier="RES-30336-6499-6" type="webcontent" xml:base="6/" href="index.html">
      <file href="6/index.html" />
      <dependency identifierref="RES-30336-6499-css" />
    </resource>
    <resource identifier="RES-30336-6499-7" type="webcontent" xml:base="7/" href="index.html">
      <file href="7/index.html" />
      <dependency identifierref="RES-30336-6499-css" />
    </resource>
    <resource identifier="RES-30336-6499-css" type="webcontent" xml:base="css/" href="styles.css">
      <file href="css/styles.css" />
    </resource>
  </resources>
</manifest>
